Workbook

Sheet Equipos
A1: Id_Equipo | B1: Nombre_Equipo
A2: 1 | B2: AZS Olsztyn
A3: 2 | B3: JastrzÄ™bski WÄ™giel
A4: 3 | B4: LUK Lublin
A5: 4 | B5: Warta Zawiercie
A6: 5 | B6: BBTS Bielsko-BiaÅ‚a
A7: 6 | B7: Stal Nysa
A8: 7 | B8: Trefl GdaÅ„sk
A9: 8 | B9: Asseco Resovia
A10: 9 | B10: GKS Katowice
A11: 10 | B11: Barkom KaÅ¼any LwÃ³w
A12: 11 | B12: Åšlepsk Malow SuwaÅ‚ki
A13: 12 | B13: Cuprum Lubin
... A24: 23 | B24: Jadar Radom

Sheet Partidos
A1: ID_Partido | B1: Date | C1: Id_Equipo_1 | D1: Id_Equipo_2 | E1: E1_Sets | F1: E2_Sets
A2: 1 | B2: 44835 | C2: =_xlfn.XLOOKUP(Auxiliar!A2,Equipos!$B$2:$B$24,Equipos!$A$2:$A$24,"error",0) -> 1 | D2: =_xlfn.XLOOKUP(Auxiliar!B2,Equipos!$B$2:$B$24,Equipos!$A$2:$A$24,"error",0) -> 15 | E2: 1 | F2: 3
A3: 2 | B3: 44834 | C3: =_xlfn.XLOOKUP(Auxiliar!A3,Equipos!$B$2:$B$24,Equipos!$A$2:$A$24,"error",0) -> 2 | D3: =_xlfn.XLOOKUP(Auxiliar!B3,Equipos!$B$2:$B$24,Equipos!$A$2:$A$24,"error",0) -> 9 | E3: 3 | F3: 0
A4: 3 | B4: 44835 | C4: =_xlfn.XLOOKUP(Auxiliar!A4,Equipos!$B$2:$B$24,Equipos!$A$2:$A$24,"error",0) -> 3 | D4: =_xlfn.XLOOKUP(Auxiliar!B4,Equipos!$B$2:$B$24,Equipos!$A$2:$A$24,"error",0) -> 14 | E4: 2 | F4: 3
A5: 4 | B5: 44836 | C5: =_xlfn.XLOOKUP(Auxiliar!A5,Equipos!$B$2:$B$24,Equipos!$A$2:$A$24,"error",0) -> 4 | D5: =_xlfn.XLOOKUP(Auxiliar!B5,Equipos!$B$2:$B$24,Equipos!$A$2:$A$24,"error",0) -> 13 | E5: 3 | F5: 2
A6: 5 | B6: 44837 | C6: =_xlfn.XLOOKUP(Auxiliar!A6,Equipos!$B$2:$B$24,Equipos!$A$2:$A$24,"error",0) -> 5 | D6: =_xlfn.XLOOKUP(Auxiliar!B6,Equipos!$B$2:$B$24,Equipos!$A$2:$A$24,"error",0) -> 12 | E6: 1 | F6: 3
A7: 6 | B7: 44836 | C7: =_xlfn.XLOOKUP(Auxiliar!A7,Equipos!$B$2:$B$24,Equipos!$A$2:$A$24,"error",0) -> 6 | D7: =_xlfn.XLOOKUP(Auxiliar!B7,Equipos!$B$2:$B$24,Equipos!$A$2:$A$24,"error",0) -> 11 | E7: 3 | F7: 1
A8: 7 | B8: 44836 | C8: =_xlfn.XLOOKUP(Auxiliar!A8,Equipos!$B$2:$B$24,Equipos!$A$2:$A$24,"error",0) -> 7 | D8: =_xlfn.XLOOKUP(Auxiliar!B8,Equipos!$B$2:$B$24,Equipos!$A$2:$A$24,"error",0) -> 10 | E8: 3 | F8: 0
A9: 8 | B9: 44835 | C9: =_xlfn.XLOOKUP(Auxiliar!A9,Equipos!$B$2:$B$24,Equipos!$A$2:$A$24,"error",0) -> 8 | D9: =_xlfn.XLOOKUP(Auxiliar!B9,Equipos!$B$2:$B$24,Equipos!$A$2:$A$24,"error",0) -> 16 | E9: 3 | F9: 0
A10: 9 | B10: 44838 | C10: =_xlfn.XLOOKUP(Auxiliar!A10,Equipos!$B$2:$B$24,Equipos!$A$2:$A$24,"error",0) -> 9 | D10: =_xlfn.XLOOKUP(Auxiliar!B10,Equipos!$B$2:$B$24,Equipos!$A$2:$A$24,"error",0) -> 16 | E10: 3 | F10: 1
A11: 10 | B11: 44839 | C11: =_xlfn.XLOOKUP(Auxiliar!A11,Equipos!$B$2:$B$24,Equipos!$A$2:$A$24,"error",0) -> 10 | D11: =_xlfn.XLOOKUP(Auxiliar!B11,Equipos!$B$2:$B$24,Equipos!$A$2:$A$24,"error",0) -> 8 | E11: 0 | F11: 3
A12: 11 | B12: 44840 | C12: =_xlfn.XLOOKUP(Auxiliar!A12,Equipos!$B$2:$B$24,Equipos!$A$2:$A$24,"error",0) -> 11 | D12: =_xlfn.XLOOKUP(Auxiliar!B12,Equipos!$B$2:$B$24,Equipos!$A$2:$A$24,"error",0) -> 7 | E12: 3 | F12: 1
A13: 12 | B13: 44840 | C13: =_xlfn.XLOOKUP(Auxiliar!A13,Equipos!$B$2:$B$24,Equipos!$A$2:$A$24,"error",0) -> 12 | D13: =_xlfn.XLOOKUP(Auxiliar!B13,Equipos!$B$2:$B$24,Equipos!$A$2:$A$24,"error",0) -> 6 | E13: 0 | F13: 3
... A629: 628 | B629: 44262 | C629: =_xlfn.XLOOKUP(Auxiliar!A629,Equipos!$B$2:$B$24,Equipos!$A$2:$A$24,"error",0) -> 15 | D629: =_xlfn.XLOOKUP(Auxiliar!B629,Equipos!$B$2:$B$24,Equipos!$A$2:$A$24,"error",0) -> 16 | E629: 3 | F629: 0

Sheet Estadisticas
A1: ID_Partido | B1: Id_Equipo_1 | C1: Id_Equipo_2 | D1: E1_Pts_Totales | E1: E1_Pts_Contraataque | F1: E1_Total_Saques | G1: E1_Error_Saque | H1: E1_Pts_Saque | I1: E1_Efect_Saque | J1: E1_Ia | K1: E1_Eca | L1: E2_Pts_Totales | M1: E2_Pts_Contraataque | N1: E2_Total_Saques | O1: E2_Error_Saque | P1: E2_Pts_Saque | Q1: E2_Efect_Saque | R1: E2_Ia | S1: E2_Eca
A2: 1 | B2: 1 | C2: 15 | D2: 60 | E2: 17 | F2: 79 | G2: 18 | H2: 6 | I2: -0.13 | J2: =Tabla_Estadisticas[[#This Row],[E1_Pts_Saque]]+Tabla_Estadisticas[[#This Row],[E1_Error_Saque]]/Tabla_Estadisticas[[#This Row],[E1_Total_Saques]] -> 6.2278481 | K2: =Tabla_Estadisticas[[#This Row],[E1_Pts_Contraataque]]/Tabla_Estadisticas[[#This Row],[E1_Total_Saques]] -> 0.21518987 | L2: 69 | M2: 30 | N2: 96 | O2: 11 | P2: 10 | Q2: 0.02 | R2: =Tabla_Estadisticas[[#This Row],[E2_Pts_Saque]]+Tabla_Estadisticas[[#This Row],[E2_Error_Saque]]/Tabla_Estadisticas[[#This Row],[E2_Total_Saques]] -> 10.114583 | S2: =Tabla_Estadisticas[[#This Row],[E2_Pts_Contraataque]]/Tabla_Estadisticas[[#This Row],[E2_Pts_Totales]] -> 0.43478261
A3: 2 | B3: 2 | C3: 9 | D3: 51 | E3: 17 | F3: 77 | G3: 15 | H3: 4 | I3: -0.07 | J3: =Tabla_Estadisticas[[#This Row],[E1_Pts_Saque]]+Tabla_Estadisticas[[#This Row],[E1_Error_Saque]]/Tabla_Estadisticas[[#This Row],[E1_Total_Saques]] -> 4.1948052 | K3: =Tabla_Estadisticas[[#This Row],[E1_Pts_Contraataque]]/Tabla_Estadisticas[[#This Row],[E1_Total_Saques]] -> 0.22077922 | L3: 48 | M3: 16 | N3: 70 | O3: 16 | P3: 4 | Q3: -0.11 | R3: =Tabla_Estadisticas[[#This Row],[E2_Pts_Saque]]+Tabla_Estadisticas[[#This Row],[E2_Error_Saque]]/Tabla_Estadisticas[[#This Row],[E2_Total_Saques]] -> 4.2285714 | S3: =Tabla_Estadisticas[[#This Row],[E2_Pts_Contraataque]]/Tabla_Estadisticas[[#This Row],[E2_Pts_Totales]] -> 0.33333333
A4: 3 | B4: 3 | C4: 14 | D4: 76 | E4: 23 | F4: 109 | G4: 16 | H4: 3 | I4: -0.09 | J4: =Tabla_Estadisticas[[#This Row],[E1_Pts_Saque]]+Tabla_Estadisticas[[#This Row],[E1_Error_Saque]]/Tabla_Estadisticas[[#This Row],[E1_Total_Saques]] -> 3.146789 | K4: =Tabla_Estadisticas[[#This Row],[E1_Pts_Contraataque]]/Tabla_Estadisticas[[#This Row],[E1_Total_Saques]] -> 0.21100917 | L4: 82 | M4: 23 | N4: 104 | O4: 19 | P4: 9 | Q4: -0.05 | R4: =Tabla_Estadisticas[[#This Row],[E2_Pts_Saque]]+Tabla_Estadisticas[[#This Row],[E2_Error_Saque]]/Tabla_Estadisticas[[#This Row],[E2_Total_Saques]] -> 9.1826923 | S4: =Tabla_Estadisticas[[#This Row],[E2_Pts_Contraataque]]/Tabla_Estadisticas[[#This Row],[E2_Pts_Totales]] -> 0.2804878
A5: 4 | B5: 4 | C5: 13 | D5: 66 | E5: 16 | F5: 98 | G5: 21 | H5: 5 | I5: -0.16 | J5: =Tabla_Estadisticas[[#This Row],[E1_Pts_Saque]]+Tabla_Estadisticas[[#This Row],[E1_Error_Saque]]/Tabla_Estadisticas[[#This Row],[E1_Total_Saques]] -> 5.2142857 | K5: =Tabla_Estadisticas[[#This Row],[E1_Pts_Contraataque]]/Tabla_Estadisticas[[#This Row],[E1_Total_Saques]] -> 0.16326531 | L5: 71 | M5: 21 | N5: 103 | O5: 23 | P5: 8 | Q5: -0.08 | R5: =Tabla_Estadisticas[[#This Row],[E2_Pts_Saque]]+Tabla_Estadisticas[[#This Row],[E2_Error_Saque]]/Tabla_Estadisticas[[#This Row],[E2_Total_Saques]] -> 8.223301 | S5: =Tabla_Estadisticas[[#This Row],[E2_Pts_Contraataque]]/Tabla_Estadisticas[[#This Row],[E2_Pts_Totales]] -> 0.29577465
A6: 5 | B6: 5 | C6: 12 | D6: 63 | E6: 22 | F6: 100 | G6: 19 | H6: 7 | I6: -0.07 | J6: =Tabla_Estadisticas[[#This Row],[E1_Pts_Saque]]+Tabla_Estadisticas[[#This Row],[E1_Error_Saque]]/Tabla_Estadisticas[[#This Row],[E1_Total_Saques]] -> 7.19 | K6: =Tabla_Estadisticas[[#This Row],[E1_Pts_Contraataque]]/Tabla_Estadisticas[[#This Row],[E1_Total_Saques]] -> 0.22 | L6: 80 | M6: 30 | N6: 103 | O6: 26 | P6: 12 | Q6: -0.08 | R6: =Tabla_Estadisticas[[#This Row],[E2_Pts_Saque]]+Tabla_Estadisticas[[#This Row],[E2_Error_Saque]]/Tabla_Estadisticas[[#This Row],[E2_Total_Saques]] -> 12.252427 | S6: =Tabla_Estadisticas[[#This Row],[E2_Pts_Contraataque]]/Tabla_Estadisticas[[#This Row],[E2_Pts_Totales]] -> 0.375
A7: 6 | B7: 6 | C7: 11 | D7: 68 | E7: 23 | F7: 100 | G7: 22 | H7: 7 | I7: -0.12 | J7: =Tabla_Estadisticas[[#This Row],[E1_Pts_Saque]]+Tabla_Estadisticas[[#This Row],[E1_Error_Saque]]/Tabla_Estadisticas[[#This Row],[E1_Total_Saques]] -> 7.22 | K7: =Tabla_Estadisticas[[#This Row],[E1_Pts_Contraataque]]/Tabla_Estadisticas[[#This Row],[E1_Total_Saques]] -> 0.23 | L7: 62 | M7: 19 | N7: 93 | O7: 19 | P7: 8 | Q7: -0.07 | R7: =Tabla_Estadisticas[[#This Row],[E2_Pts_Saque]]+Tabla_Estadisticas[[#This Row],[E2_Error_Saque]]/Tabla_Estadisticas[[#This Row],[E2_Total_Saques]] -> 8.2043011 | S7: =Tabla_Estadisticas[[#This Row],[E2_Pts_Contraataque]]/Tabla_Estadisticas[[#This Row],[E2_Pts_Totales]] -> 0.30645161
A8: 7 | B8: 7 | C8: 10 | D8: 59 | E8: 22 | F8: 73 | G8: 16 | H8: 6 | I8: -0.06 | J8: =Tabla_Estadisticas[[#This Row],[E1_Pts_Saque]]+Tabla_Estadisticas[[#This Row],[E1_Error_Saque]]/Tabla_Estadisticas[[#This Row],[E1_Total_Saques]] -> 6.2191781 | K8: =Tabla_Estadisticas[[#This Row],[E1_Pts_Contraataque]]/Tabla_Estadisticas[[#This Row],[E1_Total_Saques]] -> 0.30136986 | L8: 38 | M8: 8 | N8: 58 | O8: 11 | P8: 0 | Q8: -0.17 | R8: =Tabla_Estadisticas[[#This Row],[E2_Pts_Saque]]+Tabla_Estadisticas[[#This Row],[E2_Error_Saque]]/Tabla_Estadisticas[[#This Row],[E2_Total_Saques]] -> 0.18965517 | S8: =Tabla_Estadisticas[[#This Row],[E2_Pts_Contraataque]]/Tabla_Estadisticas[[#This Row],[E2_Pts_Totales]] -> 0.21052632
A9: 8 | B9: 8 | C9: 16 | D9: 52 | E9: 23 | F9: 74 | G9: 14 | H9: 6 | I9: -0.08 | J9: =Tabla_Estadisticas[[#This Row],[E1_Pts_Saque]]+Tabla_Estadisticas[[#This Row],[E1_Error_Saque]]/Tabla_Estadisticas[[#This Row],[E1_Total_Saques]] -> 6.1891892 | K9: =Tabla_Estadisticas[[#This Row],[E1_Pts_Contraataque]]/Tabla_Estadisticas[[#This Row],[E1_Total_Saques]] -> 0.31081081 | L9: 32 | M9: 3 | N9: 54 | O9: 14 | P9: 1 | Q9: -0.2 | R9: =Tabla_Estadisticas[[#This Row],[E2_Pts_Saque]]+Tabla_Estadisticas[[#This Row],[E2_Error_Saque]]/Tabla_Estadisticas[[#This Row],[E2_Total_Saques]] -> 1.2592593 | S9: =Tabla_Estadisticas[[#This Row],[E2_Pts_Contraataque]]/Tabla_Estadisticas[[#This Row],[E2_Pts_Totales]] -> 0.09375
A10: 9 | B10: 9 | C10: 16 | D10: 67 | E10: 26 | F10: 94 | G10: 18 | H10: 8 | I10: -0.06 | J10: =Tabla_Estadisticas[[#This Row],[E1_Pts_Saque]]+Tabla_Estadisticas[[#This Row],[E1_Error_Saque]]/Tabla_Estadisticas[[#This Row],[E1_Total_Saques]] -> 8.1914894 | K10: =Tabla_Estadisticas[[#This Row],[E1_Pts_Contraataque]]/Tabla_Estadisticas[[#This Row],[E1_Total_Saques]] -> 0.27659574 | L10: 55 | M10: 17 | N10: 83 | O10: 16 | P10: 4 | Q10: -0.06 | R10: =Tabla_Estadisticas[[#This Row],[E2_Pts_Saque]]+Tabla_Estadisticas[[#This Row],[E2_Error_Saque]]/Tabla_Estadisticas[[#This Row],[E2_Total_Saques]] -> 4.1927711 | S10: =Tabla_Estadisticas[[#This Row],[E2_Pts_Contraataque]]/Tabla_Estadisticas[[#This Row],[E2_Pts_Totales]] -> 0.30909091
A11: 10 | B11: 10 | C11: 8 | D11: 40 | E11: 15 | F11: 60 | G11: 11 | H11: 4 | I11: -0.01 | J11: =Tabla_Estadisticas[[#This Row],[E1_Pts_Saque]]+Tabla_Estadisticas[[#This Row],[E1_Error_Saque]]/Tabla_Estadisticas[[#This Row],[E1_Total_Saques]] -> 4.1833333 | K11: =Tabla_Estadisticas[[#This Row],[E1_Pts_Contraataque]]/Tabla_Estadisticas[[#This Row],[E1_Total_Saques]] -> 0.25 | L11: 52 | M11: 20 | N11: 73 | O11: 14 | P11: 6 | Q11: -0.06 | R11: =Tabla_Estadisticas[[#This Row],[E2_Pts_Saque]]+Tabla_Estadisticas[[#This Row],[E2_Error_Saque]]/Tabla_Estadisticas[[#This Row],[E2_Total_Saques]] -> 6.1917808 | S11: =Tabla_Estadisticas[[#This Row],[E2_Pts_Contraataque]]/Tabla_Estadisticas[[#This Row],[E2_Pts_Totales]] -> 0.38461538
A12: 11 | B12: 11 | C12: 7 | D12: 68 | E12: 15 | F12: 99 | G12: 19 | H12: 2 | I12: -0.14 | J12: =Tabla_Estadisticas[[#This Row],[E1_Pts_Saque]]+Tabla_Estadisticas[[#This Row],[E1_Error_Saque]]/Tabla_Estadisticas[[#This Row],[E1_Total_Saques]] -> 2.1919192 | K12: =Tabla_Estadisticas[[#This Row],[E1_Pts_Contraataque]]/Tabla_Estadisticas[[#This Row],[E1_Total_Saques]] -> 0.15151515 | L12: 78 | M12: 23 | N12: 102 | O12: 19 | P12: 5 | Q12: -0.06 | R12: =Tabla_Estadisticas[[#This Row],[E2_Pts_Saque]]+Tabla_Estadisticas[[#This Row],[E2_Error_Saque]]/Tabla_Estadisticas[[#This Row],[E2_Total_Saques]] -> 5.1862745 | S12: =Tabla_Estadisticas[[#This Row],[E2_Pts_Contraataque]]/Tabla_Estadisticas[[#This Row],[E2_Pts_Totales]] -> 0.29487179
A13: 12 | B13: 12 | C13: 6 | D13: 35 | E13: 8 | F13: 50 | G13: 11 | H13: 3 | I13: -0.16 | J13: =Tabla_Estadisticas[[#This Row],[E1_Pts_Saque]]+Tabla_Estadisticas[[#This Row],[E1_Error_Saque]]/Tabla_Estadisticas[[#This Row],[E1_Total_Saques]] -> 3.22 | K13: =Tabla_Estadisticas[[#This Row],[E1_Pts_Contraataque]]/Tabla_Estadisticas[[#This Row],[E1_Total_Saques]] -> 0.16 | L13: 58 | M13: 29 | N13: 74 | O13: 11 | P13: 10 | Q13: 0.02 | R13: =Tabla_Estadisticas[[#This Row],[E2_Pts_Saque]]+Tabla_Estadisticas[[#This Row],[E2_Error_Saque]]/Tabla_Estadisticas[[#This Row],[E2_Total_Saques]] -> 10.148649 | S13: =Tabla_Estadisticas[[#This Row],[E2_Pts_Contraataque]]/Tabla_Estadisticas[[#This Row],[E2_Pts_Totales]] -> 0.5
... A628: 627 | B628: 13 | C628: 17 | D628: 54 | E628: 26 | F628: 73 | G628: 14 | H628: 10 | I628: -0.02 | J628: =Tabla_Estadisticas[[#This Row],[E1_Pts_Saque]]+Tabla_Estadisticas[[#This Row],[E1_Error_Saque]]/Tabla_Estadisticas[[#This Row],[E1_Total_Saques]] -> 10.191781 | K628: =Tabla_Estadisticas[[#This Row],[E1_Pts_Contraataque]]/Tabla_Estadisticas[[#This Row],[E1_Total_Saques]] -> 0.35616438 | L628: 40 | M628: 16 | N628: 62 | O628: 13 | P628: 5 | Q628: -0.04 | R628: =Tabla_Estadisticas[[#This Row],[E2_Pts_Saque]]+Tabla_Estadisticas[[#This Row],[E2_Error_Saque]]/Tabla_Estadisticas[[#This Row],[E2_Total_Saques]] -> 5.2096774 | S628: =Tabla_Estadisticas[[#This Row],[E2_Pts_Contraataque]]/Tabla_Estadisticas[[#This Row],[E2_Pts_Totales]] -> 0.4

Sheet Auxiliar
A1: Team_1 | B1: Team_2 | L1: T1_Ratio | M1: T1_Rec_Sum | N1: T1_Rec_Err | O1: T1_Rec_Pos | P1: T1_Rec_Perf | Q1: T1_Att_Blk | R1: T1_Blk_Sum | S1: T1_Blk_As | T1: T2_Ratio | U1: T2_Rec_Sum | V1: T2_Rec_Err | W1: T2_Rec_Pos | X1: T2_Rec_Perf | Y1: T2_Att_Blk | Z1: T2_Blk_Sum | AA1: T2_Blk_As | AC1: 628 | AD1: 15 | AE1: 16 | AF1: 49 | AG1: 18 | AH1: 73 | AI1: 11 | AJ1: 3 | AK1: -0.04 | AL1: =Tabla_Estadisticas[[#This Row],[E1_Pts_Saque]]+Tabla_Estadisticas[[#This Row],[E1_Error_Saque]]/Tabla_Estadisticas[[#This Row],[E1_Total_Saques]] -> #VALUE! | AM1: =Tabla_Estadisticas[[#This Row],[E1_Pts_Contraataque]]/Tabla_Estadisticas[[#This Row],[E1_Total_Saques]] -> #VALUE! | AN1: 48 | AO1: 12 | AP1: 64 | AQ1: 16 | AR1: 4 | AS1: -0.15 | AT1: =Tabla_Estadisticas[[#This Row],[E2_Pts_Saque]]+Tabla_Estadisticas[[#This Row],[E2_Error_Saque]]/Tabla_Estadisticas[[#This Row],[E2_Total_Saques]] -> #VALUE! | AU1: =Tabla_Estadisticas[[#This Row],[E2_Pts_Contraataque]]/Tabla_Estadisticas[[#This Row],[E2_Pts_Totales]] -> #VALUE! | AW1: 629 | AX1: 43551 | AY1: =_xlfn.XLOOKUP(Auxiliar!A630,Equipos!$B$2:$B$24,Equipos!$A$2:$A$24,"error",0) -> 2 | AZ1: =_xlfn.XLOOKUP(Auxiliar!B630,Equipos!$B$2:$B$24,Equipos!$A$2:$A$24,"error",0) -> 13 | BA1: 3 | BB1: 2
A2: AZS Olsztyn | B2: ZAKSA KÄ™dzierzyn-KoÅºle | D2: <--------- Partidos (orden base cruda) | H2: ESTADISTICAS IRRELEVANTES PARA EL ANALISIS----> | L2: 11.0 | M2: 85.0 | N2: 10.0 | O2: 0.51 | P2: 0.25 | Q2: 14.0 | R2: 7.0 | S2: 11 | T2: 38 | U2: 61 | V2: 6 | W2: 0.45 | X2: 0.26 | Y2: 7 | Z2: 14 | AA2: 11 | AC2: 629 | AD2: 2 | AE2: 13 | AF2: 84 | AG2: 112 | AH2: 20 | AI2: 0.6 | AJ2: 92 | AK2: 6 | AL2: =Tabla_Estadisticas[[#This Row],[E1_Pts_Saque]]+Tabla_Estadisticas[[#This Row],[E1_Error_Saque]]/Tabla_Estadisticas[[#This Row],[E1_Total_Saques]] -> 6.2278481 | AM2: =Tabla_Estadisticas[[#This Row],[E1_Pts_Contraataque]]/Tabla_Estadisticas[[#This Row],[E1_Total_Saques]] -> 0.21518987 | AN2: 75 | AO2: 108 | AP2: 16 | AQ2: 1.2 | AR2: 92 | AS2: 3 | AT2: =Tabla_Estadisticas[[#This Row],[E2_Pts_Saque]]+Tabla_Estadisticas[[#This Row],[E2_Error_Saque]]/Tabla_Estadisticas[[#This Row],[E2_Total_Saques]] -> 10.114583 | AU2: =Tabla_Estadisticas[[#This Row],[E2_Pts_Contraataque]]/Tabla_Estadisticas[[#This Row],[E2_Pts_Totales]] -> 0.43478261 | AW2: 630 | AX2: 43554 | AY2: =_xlfn.XLOOKUP(Auxiliar!A631,Equipos!$B$2:$B$24,Equipos!$A$2:$A$24,"error",0) -> 13 | AZ2: =_xlfn.XLOOKUP(Auxiliar!B631,Equipos!$B$2:$B$24,Equipos!$A$2:$A$24,"error",0) -> 2 | BA2: 0 | BB2: 3
A3: JastrzÄ™bski WÄ™giel | B3: GKS Katowice | L3: 27.0 | M3: 54.0 | N3: 4.0 | O3: 0.55 | P3: 0.16 | Q3: 1.0 | R3: 4.0 | S3: 8 | T3: 16 | U3: 62 | V3: 4 | W3: 0.5 | X3: 0.2 | Y3: 4 | Z3: 1 | AA3: 17 | AC3: 630 | AD3: 13 | AE3: 2 | AF3: 44 | AG3: 58 | AH3: 18 | AI3: 1 | AJ3: 64 | AK3: 9 | AL3: =Tabla_Estadisticas[[#This Row],[E1_Pts_Saque]]+Tabla_Estadisticas[[#This Row],[E1_Error_Saque]]/Tabla_Estadisticas[[#This Row],[E1_Total_Saques]] -> 4.1948052 | AM3: =Tabla_Estadisticas[[#This Row],[E1_Pts_Contraataque]]/Tabla_Estadisticas[[#This Row],[E1_Total_Saques]] -> 0.22077922 | AN3: 50 | AO3: 73 | AP3: 9 | AQ3: 3 | AR3: 40 | AS3: 3 | AT3: =Tabla_Estadisticas[[#This Row],[E2_Pts_Saque]]+Tabla_Estadisticas[[#This Row],[E2_Error_Saque]]/Tabla_Estadisticas[[#This Row],[E2_Total_Saques]] -> 4.2285714 | AU3: =Tabla_Estadisticas[[#This Row],[E2_Pts_Contraataque]]/Tabla_Estadisticas[[#This Row],[E2_Pts_Totales]] -> 0.33333333 | AW3: 631 | AX3: 43551 | AY3: =_xlfn.XLOOKUP(Auxiliar!A632,Equipos!$B$2:$B$24,Equipos!$A$2:$A$24,"error",0) -> 4 | AZ3: =_xlfn.XLOOKUP(Auxiliar!B632,Equipos!$B$2:$B$24,Equipos!$A$2:$A$24,"error",0) -> 14 | BA3: 3 | BB3: 2
A4: LUK Lublin | B4: Czarni Radom | L4: 35.0 | M4: 85.0 | N4: 9.0 | O4: 0.49 | P4: 0.21 | Q4: 10.0 | R4: 10.0 | S4: 9 | T4: 40 | U4: 93 | V4: 3 | W4: 0.47 | X4: 0.18 | Y4: 10 | Z4: 10 | AA4: 13 | AC4: 631 | AD4: 4 | AE4: 14 | AF4: 84 | AG4: 112 | AH4: 19 | AI4: 2.8 | AJ4: 87 | AK4: 12 | AL4: =Tabla_Estadisticas[[#This Row],[E1_Pts_Saque]]+Tabla_Estadisticas[[#This Row],[E1_Error_Saque]]/Tabla_Estadisticas[[#This Row],[E1_Total_Saques]] -> 3.146789 | AM4: =Tabla_Estadisticas[[#This Row],[E1_Pts_Contraataque]]/Tabla_Estadisticas[[#This Row],[E1_Total_Saques]] -> 0.21100917 | AN4: 79 | AO4: 107 | AP4: 20 | AQ4: 2.4 | AR4: 93 | AS4: 14 | AT4: =Tabla_Estadisticas[[#This Row],[E2_Pts_Saque]]+Tabla_Estadisticas[[#This Row],[E2_Error_Saque]]/Tabla_Estadisticas[[#This Row],[E2_Total_Saques]] -> 9.1826923 | AU4: =Tabla_Estadisticas[[#This Row],[E2_Pts_Contraataque]]/Tabla_Estadisticas[[#This Row],[E2_Pts_Totales]] -> 0.2804878 | AW4: 632 | AX4: 43555 | AY4: =_xlfn.XLOOKUP(Auxiliar!A633,Equipos!$B$2:$B$24,Equipos!$A$2:$A$24,"error",0) -> 14 | AZ4: =_xlfn.XLOOKUP(Auxiliar!B633,Equipos!$B$2:$B$24,Equipos!$A$2:$A$24,"error",0) -> 4 | BA4: 3 | BB4: 1
A5: Warta Zawiercie | B5: PGE Skra BeÅ‚chatÃ³w | L5: 22.0 | M5: 80.0 | N5: 8.0 | O5: 0.35 | P5: 0.12 | Q5: 7.0 | R5: 9.0 | S5: 11 | T5: 25 | U5: 77 | V5: 5 | W5: 0.32 | X5: 0.09 | Y5: 9 | Z5: 7 | AA5: 14 | AC5: 632 | AD5: 14 | AE5: 4 | AF5: 78 | AG5: 109 | AH5: 19 | AI5: 1 | AJ5: 81 | AK5: 7 | AL5: =Tabla_Estadisticas[[#This Row],[E1_Pts_Saque]]+Tabla_Estadisticas[[#This Row],[E1_Error_Saque]]/Tabla_Estadisticas[[#This Row],[E1_Total_Saques]] -> 5.2142857 | AM5: =Tabla_Estadisticas[[#This Row],[E1_Pts_Contraataque]]/Tabla_Estadisticas[[#This Row],[E1_Total_Saques]] -> 0.16326531 | AN5: 76 | AO5: 102 | AP5: 21 | AQ5: 1.75 | AR5: 90 | AS5: 4 | AT5: =Tabla_Estadisticas[[#This Row],[E2_Pts_Saque]]+Tabla_Estadisticas[[#This Row],[E2_Error_Saque]]/Tabla_Estadisticas[[#This Row],[E2_Total_Saques]] -> 8.223301 | AU5: =Tabla_Estadisticas[[#This Row],[E2_Pts_Contraataque]]/Tabla_Estadisticas[[#This Row],[E2_Pts_Totales]] -> 0.29577465 | AW5: 633 | AX5: 43562 | AY5: =_xlfn.XLOOKUP(Auxiliar!A634,Equipos!$B$2:$B$24,Equipos!$A$2:$A$24,"error",0) -> 4 | AZ5: =_xlfn.XLOOKUP(Auxiliar!B634,Equipos!$B$2:$B$24,Equipos!$A$2:$A$24,"error",0) -> 14 | BA5: 3 | BB5: 0
A6: BBTS Bielsko-BiaÅ‚a | B6: Cuprum Lubin | L6: 17.0 | M6: 77.0 | N6: 12.0 | O6: 0.4 | P6: 0.23 | Q6: 10.0 | R6: 8.0 | S6: 10 | T6: 32 | U6: 81 | V6: 7 | W6: 0.45 | X6: 0.22 | Y6: 8 | Z6: 10 | AA6: 10 | AC6: 633 | AD6: 4 | AE6: 14 | AF6: 48 | AG6: 74 | AH6: 14 | AI6: 0.67 | AJ6: 41 | AK6: 2 | AL6: =Tabla_Estadisticas[[#This Row],[E1_Pts_Saque]]+Tabla_Estadisticas[[#This Row],[E1_Error_Saque]]/Tabla_Estadisticas[[#This Row],[E1_Total_Saques]] -> 7.19 | AM6: =Tabla_Estadisticas[[#This Row],[E1_Pts_Contraataque]]/Tabla_Estadisticas[[#This Row],[E1_Total_Saques]] -> 0.22 | AN6: 37 | AO6: 58 | AP6: 17 | AQ6: 0.67 | AR6: 60 | AS6: 2 | AT6: =Tabla_Estadisticas[[#This Row],[E2_Pts_Saque]]+Tabla_Estadisticas[[#This Row],[E2_Error_Saque]]/Tabla_Estadisticas[[#This Row],[E2_Total_Saques]] -> 12.252427 | AU6: =Tabla_Estadisticas[[#This Row],[E2_Pts_Contraataque]]/Tabla_Estadisticas[[#This Row],[E2_Pts_Totales]] -> 0.375 | AW6: 634 | AX6: 43568 | AY6: =_xlfn.XLOOKUP(Auxiliar!A635,Equipos!$B$2:$B$24,Equipos!$A$2:$A$24,"error",0) -> 15 | AZ6: =_xlfn.XLOOKUP(Auxiliar!B635,Equipos!$B$2:$B$24,Equipos!$A$2:$A$24,"error",0) -> 4 | BA6: 1 | BB6: 3
A7: Stal Nysa | B7: Åšlepsk Malow SuwaÅ‚ki | L7: 29.0 | M7: 74.0 | N7: 8.0 | O7: 0.31 | P7: 0.1 | Q7: 4.0 | R7: 5.0 | S7: 9 | T7: 21 | U7: 78 | V7: 7 | W7: 0.42 | X7: 0.14 | Y7: 5 | Z7: 4 | AA7: 2 | AC7: 634 | AD7: 15 | AE7: 4 | AF7: 64 | AG7: 92 | AH7: 15 | AI7: 0.75 | AJ7: 80 | AK7: 3 | AL7: =Tabla_Estadisticas[[#This Row],[E1_Pts_Saque]]+Tabla_Estadisticas[[#This Row],[E1_Error_Saque]]/Tabla_Estadisticas[[#This Row],[E1_Total_Saques]] -> 7.22 | AM7: =Tabla_Estadisticas[[#This Row],[E1_Pts_Contraataque]]/Tabla_Estadisticas[[#This Row],[E1_Total_Saques]] -> 0.23 | AN7: 70 | AO7: 94 | AP7: 14 | AQ7: 0.75 | AR7: 77 | AS7: 3 | AT7: =Tabla_Estadisticas[[#This Row],[E2_Pts_Saque]]+Tabla_Estadisticas[[#This Row],[E2_Error_Saque]]/Tabla_Estadisticas[[#This Row],[E2_Total_Saques]] -> 8.2043011 | AU7: =Tabla_Estadisticas[[#This Row],[E2_Pts_Contraataque]]/Tabla_Estadisticas[[#This Row],[E2_Pts_Totales]] -> 0.30645161 | AW7: 635 | AX7: 43572 | AY7: =_xlfn.XLOOKUP(Auxiliar!A636,Equipos!$B$2:$B$24,Equipos!$A$2:$A$24,"error",0) -> 4 | AZ7: =_xlfn.XLOOKUP(Auxiliar!B636,Equipos!$B$2:$B$24,Equipos!$A$2:$A$24,"error",0) -> 15 | BA7: 2 | BB7: 3
A8: Trefl GdaÅ„sk | B8: Barkom KaÅ¼any LwÃ³w | L8: 33.0 | M8: 47.0 | N8: 0.0 | O8: 0.46 | P8: 0.21 | Q8: 8.0 | R8: 3.0 | S8: 10 | T8: 14 | U8: 57 | V8: 6 | W8: 0.36 | X8: 0.17 | Y8: 3 | Z8: 8 | AA8: 5 | AC8: 635 | AD8: 4 | AE8: 15 | AF8: 79 | AG8: 100 | AH8: 18 | AI8: 1.4 | AJ8: 90 | AK8: 9 | AL8: =Tabla_Estadisticas[[#This Row],[E1_Pts_Saque]]+Tabla_Estadisticas[[#This Row],[E1_Error_Saque]]/Tabla_Estadisticas[[#This Row],[E1_Total_Saques]] -> 6.2191781 | AM8: =Tabla_Estadisticas[[#This Row],[E1_Pts_Contraataque]]/Tabla_Estadisticas[[#This Row],[E1_Total_Saques]] -> 0.30136986 | AN8: 72 | AO8: 103 | AP8: 13 | AQ8: 1.8 | AR8: 82 | AS8: 7 | AT8: =Tabla_Estadisticas[[#This Row],[E2_Pts_Saque]]+Tabla_Estadisticas[[#This Row],[E2_Error_Saque]]/Tabla_Estadisticas[[#This Row],[E2_Total_Saques]] -> 0.18965517 | AU8: =Tabla_Estadisticas[[#This Row],[E2_Pts_Contraataque]]/Tabla_Estadisticas[[#This Row],[E2_Pts_Totales]] -> 0.21052632 | AW8: 636 | AX8: 43579 | AY8: =_xlfn.XLOOKUP(Auxiliar!A637,Equipos!$B$2:$B$24,Equipos!$A$2:$A$24,"error",0) -> 15 | AZ8: =_xlfn.XLOOKUP(Auxiliar!B637,Equipos!$B$2:$B$24,Equipos!$A$2:$A$24,"error",0) -> 4 | BA8: 3 | BB8: 1
A9: Asseco Resovia | B9: Projekt Warszawa | L9: 25.0 | M9: 40.0 | N9: 1.0 | O9: 0.5 | P9: 0.22 | Q9: 5.0 | R9: 10.0 | S9: 8 | T9: -4 | U9: 60 | V9: 6 | W9: 0.36 | X9: 0.18 | Y9: 10 | Z9: 5 | AA9: 5 | AC9: 636 | AD9: 15 | AE9: 4 | AF9: 62 | AG9: 95 | AH9: 17 | AI9: 2.5 | AJ9: 67 | AK9: 2 | AL9: =Tabla_Estadisticas[[#This Row],[E1_Pts_Saque]]+Tabla_Estadisticas[[#This Row],[E1_Error_Saque]]/Tabla_Estadisticas[[#This Row],[E1_Total_Saques]] -> 6.1891892 | AM9: =Tabla_Estadisticas[[#This Row],[E1_Pts_Contraataque]]/Tabla_Estadisticas[[#This Row],[E1_Total_Saques]] -> 0.31081081 | AN9: 56 | AO9: 87 | AP9: 20 | AQ9: 0.5 | AR9: 78 | AS9: 10 | AT9: =Tabla_Estadisticas[[#This Row],[E2_Pts_Saque]]+Tabla_Estadisticas[[#This Row],[E2_Error_Saque]]/Tabla_Estadisticas[[#This Row],[E2_Total_Saques]] -> 1.2592593 | AU9: =Tabla_Estadisticas[[#This Row],[E2_Pts_Contraataque]]/Tabla_Estadisticas[[#This Row],[E2_Pts_Totales]] -> 0.09375 | AW9: 637 | AX9: 43571 | AY9: =_xlfn.XLOOKUP(Auxiliar!A638,Equipos!$B$2:$B$24,Equipos!$A$2:$A$24,"error",0) -> 16 | AZ9: =_xlfn.XLOOKUP(Auxiliar!B638,Equipos!$B$2:$B$24,Equipos!$A$2:$A$24,"error",0) -> 2 | BA9: 1 | BB9: 3
A10: GKS Katowice | B10: Projekt Warszawa | L10: 30.0 | M10: 67.0 | N10: 4.0 | O10: 0.44 | P10: 0.25 | Q10: 8.0 | R10: 5.0 | S10: 18 | T10: 15 | U10: 76 | V10: 8 | W10: 0.47 | X10: 0.26 | Y10: 5 | Z10: 8 | AA10: 11 | AC10: 637 | AD10: 16 | AE10: 2 | AF10: 75 | AG10: 96 | AH10: 15 | AI10: 1 | AJ10: 84 | AK10: 4 | AL10: =Tabla_Estadisticas[[#This Row],[E1_Pts_Saque]]+Tabla_Estadisticas[[#This Row],[E1_Error_Saque]]/Tabla_Estadisticas[[#This Row],[E1_Total_Saques]] -> 8.1914894 | AM10: =Tabla_Estadisticas[[#This Row],[E1_Pts_Contraataque]]/Tabla_Estadisticas[[#This Row],[E1_Total_Saques]] -> 0.27659574 | AN10: 70 | AO10: 96 | AP10: 12 | AQ10: 1 | AR10: 81 | AS10: 4 | AT10: =Tabla_Estadisticas[[#This Row],[E2_Pts_Saque]]+Tabla_Estadisticas[[#This Row],[E2_Error_Saque]]/Tabla_Estadisticas[[#This Row],[E2_Total_Saques]] -> 4.1927711 | AU10: =Tabla_Estadisticas[[#This Row],[E2_Pts_Contraataque]]/Tabla_Estadisticas[[#This Row],[E2_Pts_Totales]] -> 0.30909091 | AW10: 638 | AX10: 43574 | AY10: =_xlfn.XLOOKUP(Auxiliar!A639,Equipos!$B$2:$B$24,Equipos!$A$2:$A$24,"error",0) -> 2 | AZ10: =_xlfn.XLOOKUP(Auxiliar!B639,Equipos!$B$2:$B$24,Equipos!$A$2:$A$24,"error",0) -> 16 | BA10: 0 | BB10: 3
A11: Barkom KaÅ¼any LwÃ³w | B11: Asseco Resovia | L11: 9.0 | M11: 59.0 | N11: 6.0 | O11: 0.28 | P11: 0.1 | Q11: 6.0 | R11: 3.0 | S11: 6 | T11: 28 | U11: 49 | V11: 4 | W11: 0.38 | X11: 0.24 | Y11: 3 | Z11: 6 | AA11: 4 | AC11: 638 | AD11: 2 | AE11: 16 | AF11: 50 | AG11: 65 | AH11: 13 | AI11: 2 | AJ11: 64 | AK11: 2 | AL11: =Tabla_Estadisticas[[#This Row],[E1_Pts_Saque]]+Tabla_Estadisticas[[#This Row],[E1_Error_Saque]]/Tabla_Estadisticas[[#This Row],[E1_Total_Saques]] -> 4.1833333 | AM11: =Tabla_Estadisticas[[#This Row],[E1_Pts_Contraataque]]/Tabla_Estadisticas[[#This Row],[E1_Total_Saques]] -> 0.25 | AN11: 55 | AO11: 73 | AP11: 9 | AQ11: 0.67 | AR11: 52 | AS11: 6 | AT11: =Tabla_Estadisticas[[#This Row],[E2_Pts_Saque]]+Tabla_Estadisticas[[#This Row],[E2_Error_Saque]]/Tabla_Estadisticas[[#This Row],[E2_Total_Saques]] -> 6.1917808 | AU11: =Tabla_Estadisticas[[#This Row],[E2_Pts_Contraataque]]/Tabla_Estadisticas[[#This Row],[E2_Pts_Totales]] -> 0.38461538 | AW11: 639 | AX11: 43579 | AY11: =_xlfn.XLOOKUP(Auxiliar!A640,Equipos!$B$2:$B$24,Equipos!$A$2:$A$24,"error",0) -> 16 | AZ11: =_xlfn.XLOOKUP(Auxiliar!B640,Equipos!$B$2:$B$24,Equipos!$A$2:$A$24,"error",0) -> 2 | BA11: 3 | BB11: 2
A12: Åšlepsk Malow SuwaÅ‚ki | B12: Trefl GdaÅ„sk | L12: 32.0 | M12: 83.0 | N12: 5.0 | O12: 0.48 | P12: 0.2 | Q12: 9.0 | R12: 12.0 | S12: 8 | T12: 35 | U12: 79 | V12: 2 | W12: 0.64 | X12: 0.26 | Y12: 12 | Z12: 9 | AA12: 5 | AC12: 639 | AD12: 16 | AE12: 2 | AF12: 78 | AG12: 107 | AH12: 18 | AI12: 1 | AJ12: 83 | AK12: 8 | AL12: =Tabla_Estadisticas[[#This Row],[E1_Pts_Saque]]+Tabla_Estadisticas[[#This Row],[E1_Error_Saque]]/Tabla_Estadisticas[[#This Row],[E1_Total_Saques]] -> 2.1919192 | AM12: =Tabla_Estadisticas[[#This Row],[E1_Pts_Contraataque]]/Tabla_Estadisticas[[#This Row],[E1_Total_Saques]] -> 0.15151515 | AN12: 80 | AO12: 106 | AP12: 23 | AQ12: 1.6 | AR12: 89 | AS12: 5 | AT12: =Tabla_Estadisticas[[#This Row],[E2_Pts_Saque]]+Tabla_Estadisticas[[#This Row],[E2_Error_Saque]]/Tabla_Estadisticas[[#This Row],[E2_Total_Saques]] -> 5.1862745 | AU12: =Tabla_Estadisticas[[#This Row],[E2_Pts_Contraataque]]/Tabla_Estadisticas[[#This Row],[E2_Pts_Totales]] -> 0.29487179 | AW12: 640 | AX12: 43582 | AY12: =_xlfn.XLOOKUP(Auxiliar!A641,Equipos!$B$2:$B$24,Equipos!$A$2:$A$24,"error",0) -> 15 | AZ12: =_xlfn.XLOOKUP(Auxiliar!B641,Equipos!$B$2:$B$24,Equipos!$A$2:$A$24,"error",0) -> 16 | BA12: 3 | BB12: 2
A13: Cuprum Lubin | B13: Stal Nysa | L13: 0.0 | M13: 62.0 | N13: 10.0 | O13: 0.38 | P13: 0.09 | Q13: 9.0 | R13: 5.0 | S13: 6 | T13: 36 | U13: 39 | V13: 3 | W13: 0.53 | X13: 0.12 | Y13: 5 | Z13: 9 | AA13: 9 | AC13: 640 | AD13: 15 | AE13: 16 | AF13: 82 | AG13: 112 | AH13: 16 | AI13: 1.8 | AJ13: 96 | AK13: 2 | AL13: =Tabla_Estadisticas[[#This Row],[E1_Pts_Saque]]+Tabla_Estadisticas[[#This Row],[E1_Error_Saque]]/Tabla_Estadisticas[[#This Row],[E1_Total_Saques]] -> 3.22 | AM13: =Tabla_Estadisticas[[#This Row],[E1_Pts_Contraataque]]/Tabla_Estadisticas[[#This Row],[E1_Total_Saques]] -> 0.16 | AN13: 82 | AO13: 115 | AP13: 19 | AQ13: 0.4 | AR13: 96 | AS13: 9 | AT13: =Tabla_Estadisticas[[#This Row],[E2_Pts_Saque]]+Tabla_Estadisticas[[#This Row],[E2_Error_Saque]]/Tabla_Estadisticas[[#This Row],[E2_Total_Saques]] -> 10.148649 | AU13: =Tabla_Estadisticas[[#This Row],[E2_Pts_Contraataque]]/Tabla_Estadisticas[[#This Row],[E2_Pts_Totales]] -> 0.5 | AW13: 641 | AX13: 43586 | AY13: =_xlfn.XLOOKUP(Auxiliar!A642,Equipos!$B$2:$B$24,Equipos!$A$2:$A$24,"error",0) -> 16 | AZ13: =_xlfn.XLOOKUP(Auxiliar!B642,Equipos!$B$2:$B$24,Equipos!$A$2:$A$24,"error",0) -> 15 | BA13: 0 | BB13: 3
A14: PGE Skra BeÅ‚chatÃ³w | B14: BBTS Bielsko-BiaÅ‚a | L14: 36.0 | M14: 46.0 | N14: 3.0 | O14: 0.54 | P14: 0.28 | Q14: 4.0 | R14: 10.0 | S14: 6 | T14: 16 | U14: 67 | V14: 2 | W14: 0.46 | X14: 0.13 | Y14: 10 | Z14: 4 | AA14: 6 | AC14: 641 | AD14: 16 | AE14: 15 | AF14: 53 | AG14: 69 | AH14: 11 | AI14: 1 | AJ14: 68 | AK14: 10 | AL14: =Tabla_Estadisticas[[#This Row],[E1_Pts_Saque]]+Tabla_Estadisticas[[#This Row],[E1_Error_Saque]]/Tabla_Estadisticas[[#This Row],[E1_Total_Saques]] -> 2.0945946 | AM14: =Tabla_Estadisticas[[#This Row],[E1_Pts_Contraataque]]/Tabla_Estadisticas[[#This Row],[E1_Total_Saques]] -> 0.24324324 | AN14: 57 | AO14: 75 | AP14: 7 | AQ14: 3.33 | AR14: 58 | AS14: 3 | AT14: =Tabla_Estadisticas[[#This Row],[E2_Pts_Saque]]+Tabla_Estadisticas[[#This Row],[E2_Error_Saque]]/Tabla_Estadisticas[[#This Row],[E2_Total_Saques]] -> 3.220339 | AU14: =Tabla_Estadisticas[[#This Row],[E2_Pts_Contraataque]]/Tabla_Estadisticas[[#This Row],[E2_Pts_Totales]] -> 0.2244898 | AW14: 642 | AX14: 43589 | AY14: =_xlfn.XLOOKUP(Auxiliar!A643,Equipos!$B$2:$B$24,Equipos!$A$2:$A$24,"error",0) -> 15 | AZ14: =_xlfn.XLOOKUP(Auxiliar!B643,Equipos!$B$2:$B$24,Equipos!$A$2:$A$24,"error",0) -> 16 | BA14: 3 | BB14: 1
... A2011: PGE Skra BeÅ‚chatÃ³w | B2011: ZAKSA KÄ™dzierzyn-KoÅºle | L2011: 9.0 | M2011: 38.0 | N2011: 26.0 | O2011: 0.31 | P2011: 12 | Q2011: 8.0 | R2011: 10.0 | S2011: 2 | T2011: 9 | U2011: 32 | V2011: 35 | W2011: 0.42 | X2011: 21 | Y2011: 5 | Z2011: 13 | AA2011: 2.6 | AC2011: 2638 | AD2011: 8 | AE2011: 16 | AF2011: 55 | AG2011: 73 | AH2011: 6 | AI2011: 2.67 | AJ2011: 49 | AK2011: 1 | AL2011: =Tabla_Estadisticas[[#This Row],[E1_Pts_Saque]]+Tabla_Estadisticas[[#This Row],[E1_Error_Saque]]/Tabla_Estadisticas[[#This Row],[E1_Total_Saques]] -> #DIV/0! | AM2011: =Tabla_Estadisticas[[#This Row],[E1_Pts_Contraataque]]/Tabla_Estadisticas[[#This Row],[E1_Total_Saques]] -> #DIV/0! | AN2011: 37 | AO2011: 59 | AP2011: 10 | AQ2011: 0.33 | AR2011: 67 | AS2011: 8 | AT2011: =Tabla_Estadisticas[[#This Row],[E2_Pts_Saque]]+Tabla_Estadisticas[[#This Row],[E2_Error_Saque]]/Tabla_Estadisticas[[#This Row],[E2_Total_Saques]] -> #DIV/0! | AU2011: =Tabla_Estadisticas[[#This Row],[E2_Pts_Contraataque]]/Tabla_Estadisticas[[#This Row],[E2_Pts_Totales]] -> #DIV/0! | AW2011: 2639 | AX2011: 40257 | AY2011: =_xlfn.XLOOKUP(Auxiliar!A2640,Equipos!$B$2:$B$24,Equipos!$A$2:$A$24,"error",0) -> 18 | AZ2011: =_xlfn.XLOOKUP(Auxiliar!B2640,Equipos!$B$2:$B$24,Equipos!$A$2:$A$24,"error",0) -> 2 | BA2011: 0 | BB2011: 3
A2012: ZAKSA KÄ™dzierzyn-KoÅºle | B2012: AZS Olsztyn | L2012: 5.0 | M2012: 13.0 | N2012: 33.0 | O2012: 0.53 | P2012: 18 | Q2012: 1.0 | R2012: 4.0 | S2012: 1.33 | T2012: 4 | U2012: 22 | V2012: 25 | W2012: 0.39 | X2012: 6 | Y2012: 4 | Z2012: 5 | AA2012: 1.67 | AC2012: 2639 | AD2012: 18 | AE2012: 2 | AF2012: 43 | AG2012: 64 | AH2012: 12 | AI2012: 0.33 | AJ2012: 65 | AK2012: 1 | AL2012: =Tabla_Estadisticas[[#This Row],[E1_Pts_Saque]]+Tabla_Estadisticas[[#This Row],[E1_Error_Saque]]/Tabla_Estadisticas[[#This Row],[E1_Total_Saques]] -> #DIV/0! | AM2012: =Tabla_Estadisticas[[#This Row],[E1_Pts_Contraataque]]/Tabla_Estadisticas[[#This Row],[E1_Total_Saques]] -> #DIV/0! | AN2012: 50 | AO2012: 66 | AP2012: 9 | AQ2012: 0.33 | AR2012: 52 | AS2012: 1 | AT2012: =Tabla_Estadisticas[[#This Row],[E2_Pts_Saque]]+Tabla_Estadisticas[[#This Row],[E2_Error_Saque]]/Tabla_Estadisticas[[#This Row],[E2_Total_Saques]] -> #DIV/0! | AU2012: =Tabla_Estadisticas[[#This Row],[E2_Pts_Contraataque]]/Tabla_Estadisticas[[#This Row],[E2_Pts_Totales]] -> #DIV/0!
A2013: JastrzÄ™bski WÄ™giel | B2013: PGE Skra BeÅ‚chatÃ³w | L2013: 5.0 | M2013: 15.0 | N2013: 23.0 | O2013: 0.35 | P2013: 11 | Q2013: 5.0 | R2013: 11.0 | S2013: 2.75 | T2013: 8 | U2013: 18 | V2013: 36 | W2013: 0.44 | X2013: 17 | Y2013: 7 | Z2013: 4 | AA2013: 1
A2014: Chemik Bydgoszcz | B2014: Asseco Resovia | L2014: 7.0 | M2014: 19.0 | N2014: 36.0 | O2014: 0.52 | P2014: 26 | Q2014: 7.0 | R2014: 11.0 | S2014: 2.75 | T2014: 2 | U2014: 28 | V2014: 35 | W2014: 0.43 | X2014: 26 | Y2014: 8 | Z2014: 13 | AA2014: 3.25
A2015: AZS CzÄ™stochowa | B2015: Trefl GdaÅ„sk | L2015: 7.0 | M2015: 22.0 | N2015: 32.0 | O2015: 0.38 | P2015: 9 | Q2015: 10.0 | R2015: 10.0 | S2015: 2.5 | T2015: 5 | U2015: 16 | V2015: 31 | W2015: 0.43 | X2015: 15 | Y2015: 7 | Z2015: 15 | AA2015: 3.75
A2016: SpoÅ‚em Kielce | B2016: Projekt Warszawa | L2016: 6.0 | M2016: 8.0 | N2016: 53.0 | O2016: 0.64 | P2016: 34 | Q2016: 5.0 | R2016: 8.0 | S2016: 2 | T2016: 6 | U2016: 17 | V2016: 46 | W2016: 0.57 | X2016: 27 | Y2016: 7 | Z2016: 18 | AA2016: 4.5
A2017: AZS Olsztyn | B2017: Projekt Warszawa | L2017: 2.0 | M2017: 22.0 | N2017: 23.0 | O2017: 0.38 | P2017: 10 | Q2017: 4.0 | R2017: 6.0 | S2017: 2 | T2017: 9 | U2017: 8 | V2017: 37 | W2017: 0.71 | X2017: 23 | Y2017: 4 | Z2017: 9 | AA2017: 3
A2018: Trefl GdaÅ„sk | B2018: SpoÅ‚em Kielce | L2018: 3.0 | M2018: 16.0 | N2018: 36.0 | O2018: 0.54 | P2018: 14 | Q2018: 9.0 | R2018: 13.0 | S2018: 4.33 | T2018: 1 | U2018: 3 | V2018: 38 | W2018: 0.69 | X2018: 18 | Y2018: 6 | Z2018: 11 | AA2018: 3.67
A2019: Asseco Resovia | B2019: AZS CzÄ™stochowa | L2019: 8.0 | M2019: 30.0 | N2019: 37.0 | O2019: 0.46 | P2019: 24 | Q2019: 8.0 | R2019: 12.0 | S2019: 2.4 | T2019: 3 | U2019: 25 | V2019: 41 | W2019: 0.44 | X2019: 24 | Y2019: 8 | Z2019: 10 | AA2019: 2
A2020: PGE Skra BeÅ‚chatÃ³w | B2020: Chemik Bydgoszcz | L2020: 5.0 | M2020: 15.0 | N2020: 20.0 | O2020: 0.41 | P2020: 10 | Q2020: 8.0 | R2020: 13.0 | S2020: 4.33 | T2020: 4 | U2020: 27 | V2020: 24 | W2020: 0.38 | X2020: 10 | Y2020: 3 | Z2020: 6 | AA2020: 2
A2021: ZAKSA KÄ™dzierzyn-KoÅºle | B2021: JastrzÄ™bski WÄ™giel | L2021: 4.0 | M2021: 19.0 | N2021: 20.0 | O2021: 0.44 | P2021: 12 | Q2021: 2.0 | R2021: 12.0 | S2021: 4 | T2021: 2 | U2021: 21 | V2021: 24 | W2021: 0.4 | X2021: 9 | Y2021: 13 | Z2021: 5 | AA2021: 1.67
A2022: JastrzÄ™bski WÄ™giel | B2022: AZS Olsztyn | L2022: 3.0 | M2022: 13.0 | N2022: 20.0 | O2022: 0.46 | P2022: 11 | Q2022: 5.0 | R2022: 17.0 | S2022: 5.67 | T2022: 2 | U2022: 11 | V2022: 32 | W2022: 0.48 | X2022: 18 | Y2022: 3 | Z2022: 2 | AA2022: 0.67
A2023: Chemik Bydgoszcz | B2023: ZAKSA KÄ™dzierzyn-KoÅºle | L2023: 10.0 | M2023: 21.0 | N2023: 45.0 | O2023: 0.56 | P2023: 32 | Q2023: 7.0 | R2023: 14.0 | S2023: 2.8 | T2023: 4 | U2023: 33 | V2023: 33 | W2023: 0.39 | X2023: 24 | Y2023: 7 | Z2023: 15 | AA2023: 3
A2024: AZS CzÄ™stochowa | B2024: PGE Skra BeÅ‚chatÃ³w | L2024: 3.0 | M2024: 18.0 | N2024: 32.0 | O2024: 0.42 | P2024: 15 | Q2024: 4.0 | R2024: 6.0 | S2024: 1.5 | T2024: 9 | U2024: 17 | V2024: 34 | W2024: 0.49 | X2024: 21 | Y2024: 6 | Z2024: 8 | AA2024: 2
... A2640: Chemik Bydgoszcz | B2640: JastrzÄ™bski WÄ™giel | L2640: 1.0 | M2640: 21.0 | N2640: 38.0 | O2640: 0.58 | P2640: 26 | Q2640: 9.0 | R2640: 1.0 | S2640: 0.33 | T2640: 1 | U2640: 11 | V2640: 34 | W2640: 0.65 | X2640: 26 | Y2640: 7 | Z2640: 7 | AA2640: 2.33

Sheet Temporal
A1: T1_Sum | B1: T1_BP | C1: T1_Srv_Sum | D1: T1_Srv_Err | E1: T1_Srv_Ace | F1: T1_Srv_Eff | G1: T1_Att_Sum | H1: T1_Att_Err | I1: T1_Att_Kill | J1: T1_Att_Kill_Perc | K1: T1_Att_Eff | L1: T2_Sum | M1: T2_BP | N1: T2_Srv_Sum | O1: T2_Srv_Err | P1: T2_Srv_Ace | Q1: T2_Srv_Eff | R1: T2_Att_Sum | S1: T2_Att_Err | T1: T2_Att_Kill | U1: T2_Att_Kill_Perc | V1: T2_Att_Eff
B2: 17.0 | C2: 79.0 | D2: 18 | E2: 6.0 | F2: -0.13 | G2: 100 | H2: 7.0 | I2: 47.0 | J2: 0.47 | K2: 0.26 | M2: 30 | N2: 96 | O2: 11 | P2: 10 | Q2: 0.02 | R2: 88 | S2: 7 | T2: 45 | U2: 0.51 | V2: 0.35
B3: 17.0 | C3: 77.0 | D3: 15 | E3: 4.0 | F3: -0.07 | G3: 88 | H3: 4.0 | I3: 43.0 | J3: 0.48 | K3: 0.43 | M3: 16 | N3: 70 | O3: 16 | P3: 4 | Q3: -0.11 | R3: 91 | S3: 8 | T3: 43 | U3: 0.47 | V3: 0.34
B4: 23.0 | C4: 109.0 | D4: 16 | E4: 3.0 | F4: -0.09 | G4: 115 | H4: 6.0 | I4: 63.0 | J4: 0.54 | K4: 0.4 | M4: 23 | N4: 104 | O4: 19 | P4: 9 | Q4: -0.05 | R4: 128 | S4: 10 | T4: 63 | U4: 0.49 | V4: 0.33
B5: 16.0 | C5: 98.0 | D5: 21 | E5: 5.0 | F5: -0.16 | G5: 92 | H5: 8.0 | I5: 52.0 | J5: 0.56 | K5: 0.4 | M5: 21 | N5: 103 | O5: 23 | P5: 8 | Q5: -0.08 | R5: 102 | S5: 9 | T5: 56 | U5: 0.54 | V5: 0.37
B6: 22.0 | C6: 100.0 | D6: 19 | E6: 7.0 | F6: -0.07 | G6: 97 | H6: 5.0 | I6: 48.0 | J6: 0.49 | K6: 0.34 | M6: 30 | N6: 103 | O6: 26 | P6: 12 | Q6: -0.08 | R6: 109 | S6: 7 | T6: 58 | U6: 0.53 | V6: 0.39
B7: 23.0 | C7: 100.0 | D7: 22 | E7: 7.0 | F7: -0.12 | G7: 105 | H7: 5.0 | I7: 56.0 | J7: 0.53 | K7: 0.44 | M7: 19 | N7: 93 | O7: 19 | P7: 8 | Q7: -0.07 | R7: 102 | S7: 10 | T7: 50 | U7: 0.49 | V7: 0.34
B8: 22.0 | C8: 73.0 | D8: 16 | E8: 6.0 | F8: -0.06 | G8: 83 | H8: 2.0 | I8: 50.0 | J8: 0.6 | K8: 0.48 | M8: 8 | N8: 58 | O8: 11 | P8: 0 | Q8: -0.17 | R8: 71 | S8: 4 | T8: 30 | U8: 0.42 | V8: 0.32
B9: 23.0 | C9: 74.0 | D9: 14 | E9: 6.0 | F9: -0.08 | G9: 69 | H9: 7.0 | I9: 36.0 | J9: 0.52 | K9: 0.34 | M9: 3 | N9: 54 | O9: 14 | P9: 1 | Q9: -0.2 | R9: 75 | S9: 6 | T9: 26 | U9: 0.34 | V9: 0.13
B10: 26.0 | C10: 94.0 | D10: 18 | E10: 8.0 | F10: -0.06 | G10: 105 | H10: 7.0 | I10: 54.0 | J10: 0.51 | K10: 0.37 | M10: 17 | N10: 83 | O10: 16 | P10: 4 | Q10: -0.06 | R10: 95 | S10: 11 | T10: 43 | U10: 0.45 | V10: 0.28
B11: 15.0 | C11: 60.0 | D11: 11 | E11: 4.0 | F11: -0.01 | G11: 71 | H11: 8.0 | I11: 33.0 | J11: 0.46 | K11: 0.26 | M11: 20 | N11: 73 | O11: 14 | P11: 6 | Q11: -0.06 | R11: 62 | S11: 3 | T11: 40 | U11: 0.64 | V11: 0.54
B12: 15.0 | C12: 99.0 | D12: 19 | E12: 2.0 | F12: -0.14 | G12: 111 | H12: 3.0 | I12: 54.0 | J12: 0.48 | K12: 0.37 | M12: 23 | N12: 102 | O12: 19 | P12: 5 | Q12: -0.06 | R12: 125 | S12: 10 | T12: 64 | U12: 0.51 | V12: 0.33
B13: 8.0 | C13: 50.0 | D13: 11 | E13: 3.0 | F13: -0.16 | G13: 71 | H13: 5.0 | I13: 27.0 | J13: 0.38 | K13: 0.18 | M13: 29 | N13: 74 | O13: 11 | P13: 10 | Q13: 0.02 | R13: 66 | S13: 3 | T13: 39 | U13: 0.59 | V13: 0.46
... B2640: 64.0 | C2640: 12.0 | D2640: 0.33 | E2640: 65.0 | F2640: 1 | G2640: 0.4 | H2640: 89.0 | I2640: 7.0 | J2640: 41 | K2640: 0.46 | M2640: 66 | N2640: 9 | O2640: 0.33 | P2640: 52 | Q2640: 1 | R2640: 0.5 | S2640: 73 | T2640: 1 | U2640: 42 | V2640: 0.58
